"","brnQ","ilvD"
"intercept",37.7629026305955,37.5513279707166
"log(conc, 10)",-3.23744102724187,-3.2415715321221
"r^2",0.999436193304362,0.999023000768957
